SUBID,CONN_ID,stim_number,stim_name,artist,yearofrelease,liking,yearofbirth,familiarity,SSA,age_report,age_bin,TR_onset,second_onset,memory-evoking?,stim_order
FKEE,1,1,He Called Me Baby,Candi Staton,1971,,1963,4,8,,childhood,601,285.475,,11
FKEE,1,2,Moon River,Frank Ocean,2018,,1963,4,55,,,181,85.975,,4
FKEE,1,3,Unchained Melody,Gheorghe Zamfir,1991,,1963,4,28,,adulthood,721,342.475,,13
FKEE,1,4,Immigrant Song,Led Zeppelin,1970,,1963,4,7,,childhood,661,313.975,,12
FKEE,1,5,Hey Jude,The Beatles,1970,,1963,4,7,,childhood,841,399.475,,15
FKEE,1,6,That's How I Got to Memphis,Tom T. Hall,1968,,1963,4,5,,childhood,961,456.475,,17
FKEE,1,7,Adagio for Strings,Barber,,,1963,1,,,,1321,627.475,,23
FKEE,1,8,Symphony No. 2 Finale,Mahler,,,1963,3,,,,361,171.475,,7
FKEE,1,9,Cavatina Op. 130,Beethoven,,,1963,2,,,,1261,598.975,,22
FKEE,1,10,John Wayne Gacy Jr.,Sufjan Stevens,,,1963,2,,,,1021,484.975,,18
FKEE,1,11,Hurt,Johnny Cash,2003,,1963,4,40,,adulthood,781,370.975,,14
FKEE,1,12,The Sound of Silence,Simon & Garfunkel,1964,,1963,4,1,,childhood,481,228.475,,9
FKEE,1,13,Reckoner,Radiohead,,,1963,2,,,,241,114.475,,5
FKEE,1,14,Nocturne in C Sharp minor,Chopin,,,1963,1,,,,901,427.975,,16
FKEE,1,15,Nessun Dorma,Bocelli,,,1963,2,,,,121,57.475,,3
FKEE,1,16,Symphony No. 6 mvmt 1,Tchaikovsky,,,1963,2,,,,301,142.975,,6
FKEE,1,17,Bohlen-Pierce Pan Flute Folk Tune,Arturo Grolimund,,,1963,1,,,,1141,541.975,,20
FKEE,1,18,Hoquetus II,Johannes Kretz,,,1963,1,,,,1081,513.475,,19
FKEE,1,19,Reminiscences,Steven Yi,,,1963,1,,,,61,28.975,,2
FKEE,1,20,Beyond the Horizon,Georg Hajdu,,,1963,1,,,,1201,570.475,,21
FKEE,1,21,When the Moon Casts Shadows,Hubert Ho,,,1963,2,,,,1381,655.975,,24
FKEE,1,22,Simmer,Hubert Ho,,,1963,2,,,,1,0.475,,1
FKEE,1,23,Vertigo Temporum,Hubert Ho,,,1963,1,,,,421,199.975,,8
FKEE,1,24,Manual Labor,Hubert Ho,,,1963,2,,,,541,256.975,,10
JSCH,2,1,Sultans of Swing,Dire Straight,1978,,1951,1,,,,1321,627.475,,23
JSCH,2,2,My Old School,Steely Dan,1973,,1951,4,22,,adulthood,841,399.475,,15
JSCH,2,3,Comfortably Numb,Pink Floyd,1979,,1951,1,,,,61,28.975,,2
JSCH,2,4,Black Magic Woman,Santana,1970,,1951,4,19,,,181,85.975,,4
JSCH,2,5,Jessica,The Allman Brothers Band,1973,,1951,4,22,,adulthood,1381,655.975,,24
JSCH,2,6,Hotel California,The Eagles,1976,,1951,1,,,,481,228.475,,9
JSCH,2,7,Adagio for Strings,Barber,,,1951,2,,,,901,427.975,,16
JSCH,2,8,Symphony No. 2 Finale,Mahler,,,1951,1,,,,301,142.975,,6
JSCH,2,9,Cavatina Op. 130,Beethoven,,,1951,1,,,,421,199.975,,8
JSCH,2,10,John Wayne Gacy Jr.,Sufjan Stevens,,,1951,1,,,,601,285.475,,11
JSCH,2,11,Hurt,Johnny Cash,,,1951,1,,,,361,171.475,,7
JSCH,2,12,The Sound of Silence,Simon & Garfunkel,1964,,1951,4,13,,adolescence,1081,513.475,,19
JSCH,2,13,Reckoner,Radiohead,,,1951,1,,,,1021,484.975,,18
JSCH,2,14,Nocturne in C Sharp minor,Chopin,,,1951,1,,,,241,114.475,,5
JSCH,2,15,Nessun Dorma,Bocelli,,,1951,1,,,,661,313.975,,12
JSCH,2,16,Symphony No. 6 mvmt 1,Tchaikovsky,,,1951,2,,,,1261,598.975,,22
JSCH,2,17,Bohlen-Pierce Pan Flute Folk Tune,Arturo Grolimund,,,1951,1,,,,1201,570.475,,21
JSCH,2,18,Hoquetus II,Johannes Kretz,,,1951,1,,,,961,456.475,,17
JSCH,2,19,Reminiscences,Steven Yi,,,1951,1,,,,1,0.475,,1
JSCH,2,20,Beyond the Horizon,Georg Hajdu,,,1951,1,,,,121,57.475,,3
JSCH,2,21,When the Moon Casts Shadows,Hubert Ho,,,1951,1,,,,1141,541.975,,20
JSCH,2,22,Simmer,Hubert Ho,,,1951,1,,,,781,370.975,,14
JSCH,2,23,Vertigo Temporum,Hubert Ho,,,1951,1,,,,721,342.475,,13
JSCH,2,24,Manual Labor,Hubert Ho,,,1951,1,,,,541,256.975,,10
LGEN,3,1,Young at Heart,Frank Sinatra,,,1955,4,,18,adolescence,601,285.475,,11
LGEN,3,2,Gnossienne,Erik Satie,,,1955,4,,40,adulthood,121,57.475,,3
LGEN,3,3,Clare de Lune,Debussy,,,1955,4,,45,adulthood,1081,513.475,,19
LGEN,3,4,Fur Elise,Beethoven,,,1955,4,,45,adulthood,1261,598.975,,22
LGEN,3,5,The Highway Man,Loreena McKenna,,,1955,4,,25,adulthood,61,28.975,,2
LGEN,3,6,The Hours,Philip Glass,,,1955,4,,35,adulthood,901,427.975,,16
LGEN,3,7,Adagio for Strings,Barber,,,1955,3,,,,1141,541.975,,20
LGEN,3,8,Symphony No. 2 Finale,Mahler,,,1955,3,,,,841,399.475,,15
LGEN,3,9,Cavatina Op. 130,Beethoven,,,1955,3,,,,961,456.475,,17
LGEN,3,10,John Wayne Gacy Jr.,Sufjan Stevens,,,1955,2,,,,541,256.975,,10
LGEN,3,11,Hurt,Johnny Cash,,,1955,2,,30,adulthood,721,342.475,,13
LGEN,3,12,The Sound of Silence,Simon & Garfunkel,,,1955,4,,10,childhood,1381,655.975,,24
LGEN,3,13,Reckoner,Radiohead,,,1955,2,,,,781,370.975,,14
LGEN,3,14,Nocturne in C Sharp minor,Chopin,,,1955,4,,,,1021,484.975,,18
LGEN,3,15,Nessun Dorma,Bocelli,,,1955,2,,,,481,228.475,,9
LGEN,3,16,Symphony No. 6 mvmt 1,Tchaikovsky,,,1955,3,,,,421,199.975,,8
LGEN,3,17,Bohlen-Pierce Pan Flute Folk Tune,Arturo Grolimund,,,1955,1,,,,241,114.475,,5
LGEN,3,18,Hoquetus II,Johannes Kretz,,,1955,1,,,,361,171.475,,7
LGEN,3,19,Reminiscences,Steven Yi,,,1955,3,,,,1321,627.475,,23
LGEN,3,20,Beyond the Horizon,Georg Hajdu,,,1955,2,,,,1201,570.475,,21
LGEN,3,21,When the Moon Casts Shadows,Hubert Ho,,,1955,3,,,,661,313.975,,12
LGEN,3,22,Simmer,Hubert Ho,,,1955,2,,,,1,0.475,,1
LGEN,3,23,Vertigo Temporum,Hubert Ho,,,1955,2,,,,301,142.975,,6
LGEN,3,24,Manual Labor,Hubert Ho,,,1955,1,,,,181,85.975,,4
190904GHER1,4,1,Life on Mars,David Bowie,1971,,1953,3,18,,adolescence,1,0.475,,1
190904GHER1,4,2,Eleanor Rigby,Cody Fry,2021,,1953,3,68,,,1321,627.475,,23
190904GHER1,4,3,Panic in Detroit,David Bowie,1973,,1953,2,20,,,301,142.975,,6
190904GHER1,4,4,Stay  ,David Bowie,1976,,1953,1,23,,adulthood,1081,513.475,,19
190904GHER1,4,5,Long Distance Run Around,Yes,1971,,1953,3,18,,adolescence,721,342.475,,13
190904GHER1,4,6,Michelle,The Beatles,1965,,1953,2,12,,childhood,541,256.975,,10
190904GHER1,4,7,Adagio for Strings,Barber,,,1953,4,,,,421,199.975,,8
190904GHER1,4,8,Symphony No. 2 Finale,Mahler,,,1953,2,,,,601,285.475,,11
190904GHER1,4,9,Cavatina Op. 130,Beethoven,,,1953,2,,,,481,228.475,,9
190904GHER1,4,10,John Wayne Gacy Jr.,Sufjan Stevens,,,1953,2,,,,181,85.975,,4
190904GHER1,4,11,Hurt,Johnny Cash,,,1953,1,,,,1201,570.475,,21
190904GHER1,4,12,The Sound of Silence,Simon & Garfunkel,1964,,1953,3,11,,childhood,781,370.975,,14
190904GHER1,4,13,Reckoner,Radiohead,,,1953,1,,,,1021,484.975,,18
190904GHER1,4,14,Nocturne in C Sharp minor,Chopin,,,1953,3,,,,841,399.475,,15
190904GHER1,4,15,Nessun Dorma,Bocelli,,,1953,2,,,,241,114.475,,5
190904GHER1,4,16,Symphony No. 6 mvmt 1,Tchaikovsky,,,1953,1,,,,1261,598.975,,22
190904GHER1,4,17,Bohlen-Pierce Pan Flute Folk Tune,Arturo Grolimund,,,1953,2,,,,961,456.475,,17
190904GHER1,4,18,Hoquetus II,Johannes Kretz,,,1953,2,,,,901,427.975,,16
190904GHER1,4,19,Reminiscences,Steven Yi,,,1953,2,,,,1381,655.975,,24
190904GHER1,4,20,Beyond the Horizon,Georg Hajdu,,,1953,2,,,,661,313.975,,12
190904GHER1,4,21,When the Moon Casts Shadows,Hubert Ho,,,1953,2,,,,121,57.475,,3
190904GHER1,4,22,Simmer,Hubert Ho,,,1953,2,,,,1141,541.975,,20
190904GHER1,4,23,Vertigo Temporum,Hubert Ho,,,1953,2,,,,61,28.975,,2
190904GHER1,4,24,Manual Labor,Hubert Ho,,,1953,2,,,,361,171.475,,7
LDIR,5,1,Wait for It,Cast of Hamilton,,,,4,,62,,1261,598.975,,22
LDIR,5,2,Afterlife,Arcade Fire,,,,4,,58,,1381,655.975,,24
LDIR,5,3,This Tornado Loves You,Neko Case,,,,4,,55,,421,199.975,,8
LDIR,5,4,I Will Wait,Mumford and Sons,,,,4,,52,,661,313.975,,12
LDIR,5,5,Eet,Regina Spektor,,,,4,,51,,1,0.475,,1
LDIR,5,6,I'll Work for Your Love,Bruce Springsteen,,,,4,,50,,1021,484.975,,18
LDIR,5,7,Adagio for Strings,Barber,,,,1,,45,adulthood,781,370.975,,14
LDIR,5,8,Symphony No. 2 Finale,Mahler,,,,1,,,,1201,570.475,,21
LDIR,5,9,Cavatina Op. 130,Beethoven,,,,1,,,,841,399.475,,15
LDIR,5,10,John Wayne Gacy Jr.,Sufjan Stevens,,,,2,,,,181,85.975,,4
LDIR,5,11,Hurt,Johnny Cash,,,,1,,,,61,28.975,,2
LDIR,5,12,The Sound of Silence,Simon & Garfunkel,,,,4,,22,adulthood,1141,541.975,,20
LDIR,5,13,Reckoner,Radiohead,,,,1,,,,541,256.975,,10
LDIR,5,14,Nocturne in C Sharp minor,Chopin,,,,1,,,,1321,627.475,,23
LDIR,5,15,Nessun Dorma,Bocelli,,,,3,,65,,601,285.475,,11
LDIR,5,16,Symphony No. 6 mvmt 1,Tchaikovsky,,,,1,,,,901,427.975,,16
LDIR,5,17,Bohlen-Pierce Pan Flute Folk Tune,Arturo Grolimund,,,,1,,,,721,342.475,,13
LDIR,5,18,Hoquetus II,Johannes Kretz,,,,1,,,,1081,513.475,,19
LDIR,5,19,Reminiscences,Steven Yi,,,,1,,,,361,171.475,,7
LDIR,5,20,Beyond the Horizon,Georg Hajdu,,,,1,,,,481,228.475,,9
LDIR,5,21,When the Moon Casts Shadows,Hubert Ho,,,,1,,,,301,142.975,,6
LDIR,5,22,Simmer,Hubert Ho,,,,1,,,,961,456.475,,17
LDIR,5,23,Vertigo Temporum,Hubert Ho,,,,1,,,,241,114.475,,5
LDIR,5,24,Manual Labor,Hubert Ho,,,,1,,,,121,57.475,,3
JPRE,6,1,,,,4,1944,3,,,,1201,570.475,,21
JPRE,6,2,,,,4,1944,3,,,,541,256.975,,10
JPRE,6,3,,,,3,1944,4,,,,421,199.975,,8
JPRE,6,4,,,,3,1944,3,,,,481,228.475,,9
JPRE,6,5,,,,4,1944,4,,,,1321,627.475,,23
JPRE,6,6,Twilight Time,The Platters,1958,4,1944,4,14,,adolescence,781,370.975,,14
JPRE,6,7,Adagio for Strings,Barber,,3,1944,2,,,,1081,513.475,,19
JPRE,6,8,Symphony No. 2 Finale,Mahler,,3,1944,3,,,,721,342.475,,13
JPRE,6,9,Cavatina Op. 130,Beethoven,,4,1944,3,,,,901,427.975,,16
JPRE,6,10,John Wayne Gacy Jr.,Sufjan Stevens,2005,3,1944,3,61,,,601,285.475,,11
JPRE,6,11,Hurt,Johnny Cash,,1,1944,2,,,,1261,598.975,,22
JPRE,6,12,The Sound of Silence,Simon & Garfunkel,1964,4,1944,4,20,,,1141,541.975,,20
JPRE,6,13,Reckoner,Radiohead,,3,1944,2,,,,1381,655.975,,24
JPRE,6,14,Nocturne in C Sharp minor,Chopin,,3,1944,3,,,,1021,484.975,,18
JPRE,6,15,Nessun Dorma,Bocelli,,4,1944,4,,,,661,313.975,,12
JPRE,6,16,Symphony No. 6 mvmt 1,Tchaikovsky,,4,1944,4,,,,841,399.475,,15
JPRE,6,17,Bohlen-Pierce Pan Flute Folk Tune,Arturo Grolimund,,1,1944,1,,,,361,171.475,,7
JPRE,6,18,Hoquetus II,Johannes Kretz,,2,1944,1,,,,961,456.475,,17
JPRE,6,19,Reminiscences,Steven Yi,,2,1944,1,,,,121,57.475,,3
JPRE,6,20,Beyond the Horizon,Georg Hajdu,,1,1944,1,,,,1,0.475,,1
JPRE,6,21,When the Moon Casts Shadows,Hubert Ho,,2,1944,1,,,,301,142.975,,6
JPRE,6,22,Simmer,Hubert Ho,,2,1944,1,,,,181,85.975,,4
JPRE,6,23,Vertigo Temporum,Hubert Ho,,1,1944,1,,,,241,114.475,,5
JPRE,6,24,Manual Labor,Hubert Ho,,1,1944,1,,,,61,28.975,,2
CWEI,7,1,As Time Goes By,Dooley Wilson,1943,,1941,4,2,,childhood,1141,541.975,,20
CWEI,7,2,Evergreen,Barbra Streisand,1976,,1941,4,35,,adulthood,961,456.475,,17
CWEI,7,3,In the Ghetto,Elvis Presley,1969,,1941,4,28,,adulthood,241,114.475,,5
CWEI,7,4,Lonesome Tonight,Elvis Presley,1960,,1941,4,19,,,121,57.475,,3
CWEI,7,5,Loving You,Elvis Presley,1957,,1941,3,16,,adolescence,1261,598.975,,22
CWEI,7,6,Tomorrow,Chris Young,2011,,1941,4,70,,,901,427.975,,16
CWEI,7,7,Adagio for Strings,Barber,,,1941,1,,,,181,85.975,,4
CWEI,7,8,Symphony No. 2 Finale,Mahler,,,1941,3,,,,721,342.475,,13
CWEI,7,9,Cavatina Op. 130,Beethoven,,,1941,2,,,,541,256.975,,10
CWEI,7,10,John Wayne Gacy Jr.,Sufjan Stevens,,,1941,2,,,,361,171.475,,7
CWEI,7,11,Hurt,Johnny Cash,,,1941,2,,,,421,199.975,,8
CWEI,7,12,The Sound of Silence,Simon & Garfunkel,1964,,1941,4,23,,adulthood,841,399.475,,15
CWEI,7,13,Reckoner,Radiohead,2007,,1941,3,66,,,1081,513.475,,19
CWEI,7,14,Nocturne in C Sharp minor,Chopin,,,1941,3,,,,1201,570.475,,21
CWEI,7,15,Nessun Dorma,Bocelli,,,1941,3,,,,661,313.975,,12
CWEI,7,16,Symphony No. 6 mvmt 1,Tchaikovsky,,,1941,2,,,,61,28.975,,2
CWEI,7,17,Bohlen-Pierce Pan Flute Folk Tune,Arturo Grolimund,,,1941,1,,,,301,142.975,,6
CWEI,7,18,Hoquetus II,Johannes Kretz,,,1941,1,,,,1,0.475,,1
CWEI,7,19,Reminiscences,Steven Yi,,,1941,3,,,,1021,484.975,,18
CWEI,7,20,Beyond the Horizon,Georg Hajdu,,,1941,1,,,,1321,627.475,,23
CWEI,7,21,When the Moon Casts Shadows,Hubert Ho,,,1941,2,,,,781,370.975,,14
CWEI,7,22,Simmer,Hubert Ho,,,1941,1,,,,601,285.475,,11
CWEI,7,23,Vertigo Temporum,Hubert Ho,,,1941,1,,,,481,228.475,,9
CWEI,7,24,Manual Labor,Hubert Ho,,,1941,1,,,,1381,655.975,,24
MBLO,8,1,Enormous Tots,Carla Bley,1974,,1953,4,21,,adulthood,1021,484.975,,18
MBLO,8,2,Small Circle of Friends,Phil Ochs,1967,,1953,4,14,,adolescence,481,228.475,,9
MBLO,8,3,The Crucifixion,Phil Ochs,1967,,1953,4,14,,adolescence,1381,655.975,,24
MBLO,8,4,Rite of Spring,Stravinsky,,,1953,4,,,,781,370.975,,14
MBLO,8,5,Tomorrow Never Knows,Phil Collins,1981,,1953,4,28,,adulthood,181,85.975,,4
MBLO,8,6,WakaJawaka,Frank Zappa,1972,,1953,4,19,,,1,0.475,,1
MBLO,8,7,Adagio for Strings,Barber,,,1953,2,,,,301,142.975,,6
MBLO,8,8,Symphony No. 2 Finale,Mahler,,,1953,2,,,,1261,598.975,,22
MBLO,8,9,Cavatina Op. 130,Beethoven,,,1953,2,,,,121,57.475,,3
MBLO,8,10,John Wayne Gacy Jr.,Sufjan Stevens,,,1953,2,,,,961,456.475,,17
MBLO,8,11,Hurt,Johnny Cash,2002,,1953,4,49,,,1081,513.475,,19
MBLO,8,12,The Sound of Silence,Simon & Garfunkel,1964,,1953,4,11,,childhood,241,114.475,,5
MBLO,8,13,Reckoner,Radiohead,,,1953,2,,,,841,399.475,,15
MBLO,8,14,Nocturne in C Sharp minor,Chopin,,,1953,2,,,,421,199.975,,8
MBLO,8,15,Nessun Dorma,Bocelli,,,1953,2,,,,721,342.475,,13
MBLO,8,16,Symphony No. 6 mvmt 1,Tchaikovsky,,,1953,3,,,,601,285.475,,11
MBLO,8,17,Bohlen-Pierce Pan Flute Folk Tune,Arturo Grolimund,,,1953,1,,,,1141,541.975,,20
MBLO,8,18,Hoquetus II,Johannes Kretz,,,1953,1,,,,901,427.975,,16
MBLO,8,19,Reminiscences,Steven Yi,,,1953,1,,,,661,313.975,,12
MBLO,8,20,Beyond the Horizon,Georg Hajdu,,,1953,1,,,,61,28.975,,2
MBLO,8,21,When the Moon Casts Shadows,Hubert Ho,,,1953,1,,,,1321,627.475,,23
MBLO,8,22,Simmer,Hubert Ho,,,1953,1,,,,541,256.975,,10
MBLO,8,23,Vertigo Temporum,Hubert Ho,,,1953,3,,,,361,171.475,,7
MBLO,8,24,Manual Labor,Hubert Ho,,,1953,2,,,,1201,570.475,,21
EROS,9,1,I Can't Get No Satisfaction,The Rolling Stones,1965,,1961,4,4,,childhood,1081,513.475,,19
EROS,9,2,Smells Like Teen Spirit,Nirvana,1991,,1961,4,30,,adulthood,1381,655.975,,24
EROS,9,3,Once in a Lifetime,Talking Heads,1981,,1961,4,20,,,661,313.975,,12
EROS,9,4,Stairway to Heaven,Aerosmith,1971,,1961,4,10,,childhood,1201,570.475,,21
EROS,9,5,Should I Stay or Should I Go,The Clash,1982,,1961,4,21,,adulthood,1261,598.975,,22
EROS,9,6,White Rabbit,Jefferson Airplane,1967,,1961,4,6,,childhood,361,171.475,,7
EROS,9,7,Adagio for Strings,Barber,,,1961,1,,,,541,256.975,,10
EROS,9,8,Symphony No. 2 Finale,Mahler,,,1961,1,,,,721,342.475,,13
EROS,9,9,Cavatina Op. 130,Beethoven,,,1961,2,,,,961,456.475,,17
EROS,9,10,John Wayne Gacy Jr.,Sufjan Stevens,,,1961,2,,,,781,370.975,,14
EROS,9,11,Hurt,Johnny Cash,2002,,1961,4,41,,,61,28.975,,2
EROS,9,12,The Sound of Silence,Simon & Garfunkel,1964,,1961,4,3,,childhood,1141,541.975,,20
EROS,9,13,Reckoner,Radiohead,,,1961,2,,,,901,427.975,,16
EROS,9,14,Nocturne in C Sharp minor,Chopin,,,1961,1,,,,181,85.975,,4
EROS,9,15,Nessun Dorma,Bocelli,,,1961,1,,,,1321,627.475,,23
EROS,9,16,Symphony No. 6 mvmt 1,Tchaikovsky,,,1961,1,,,,121,57.475,,3
EROS,9,17,Bohlen-Pierce Pan Flute Folk Tune,Arturo Grolimund,,,1961,1,,,,481,228.475,,9
EROS,9,18,Hoquetus II,Johannes Kretz,,,1961,1,,,,841,399.475,,15
EROS,9,19,Reminiscences,Steven Yi,,,1961,1,,,,1,0.475,,1
EROS,9,20,Beyond the Horizon,Georg Hajdu,,,1961,1,,,,1021,484.975,,18
EROS,9,21,When the Moon Casts Shadows,Hubert Ho,,,1961,1,,,,241,114.475,,5
EROS,9,22,Simmer,Hubert Ho,,,1961,1,,,,601,285.475,,11
EROS,9,23,Vertigo Temporum,Hubert Ho,,,1961,1,,,,421,199.975,,8
EROS,9,24,Manual Labor,Hubert Ho,,,1961,1,,,,301,142.975,,6
TCIE,10,1,I Will,Allison Krauss & Tony Furtado,1992,,1960,4,32,,adulthood,1081,513.475,,19
TCIE,10,2,Beauty & the Beatitudes,Waxing Poetics,1987,,1960,4,27,,adulthood,661,313.975,,12
TCIE,10,3,Billy Bragg,The Saturday Boy,1984,,1960,4,24,,adulthood,901,427.975,,16
TCIE,10,4,Danse Macabe,Saint-Saens,NA,,1960,4,,,,241,114.475,,5
TCIE,10,5,Grindstone,Uncle Tupelo,1992,,1960,4,32,,adulthood,421,199.975,,8
TCIE,10,6,Vicious,Lou Reed,1972,,1960,4,12,,childhood,1261,598.975,,22
TCIE,10,7,Adagio for Strings,Barber,,,1960,3,,,,181,85.975,,4
TCIE,10,8,Symphony No. 2 Finale,Mahler,,,1960,3,,,,1201,570.475,,21
TCIE,10,9,Cavatina Op. 130,Beethoven,,,1960,3,,,,1321,627.475,,23
TCIE,10,10,John Wayne Gacy Jr.,Sufjan Stevens,2005,,1960,3,45,,adulthood,121,57.475,,3
TCIE,10,11,Hurt,Johnny Cash,2003,,1960,4,43,,adulthood,481,228.475,,9
TCIE,10,12,The Sound of Silence,Simon & Garfunkel,1964,,1960,4,4,,childhood,541,256.975,,10
TCIE,10,13,Reckoner,Radiohead,2007,,1960,3,47,,,721,342.475,,13
TCIE,10,14,Nocturne in C Sharp minor,Chopin,,,1960,3,,,,1021,484.975,,18
TCIE,10,15,Nessun Dorma,Bocelli,,,1960,3,,,,361,171.475,,7
TCIE,10,16,Symphony No. 6 mvmt 1,Tchaikovsky,,,1960,3,,,,781,370.975,,14
TCIE,10,17,Bohlen-Pierce Pan Flute Folk Tune,Arturo Grolimund,,,1960,1,,,,301,142.975,,6
TCIE,10,18,Hoquetus II,Johannes Kretz,,,1960,3,,,,1381,655.975,,24
TCIE,10,19,Reminiscences,Steven Yi,,,1960,1,,,,961,456.475,,17
TCIE,10,20,Beyond the Horizon,Georg Hajdu,,,1960,2,,,,841,399.475,,15
TCIE,10,21,When the Moon Casts Shadows,Hubert Ho,,,1960,3,,,,1,0.475,,1
TCIE,10,22,Simmer,Hubert Ho,,,1960,1,,,,1141,541.975,,20
TCIE,10,23,Vertigo Temporum,Hubert Ho,,,1960,1,,,,61,28.975,,2
TCIE,10,24,Manual Labor,Hubert Ho,,,1960,1,,,,601,285.475,,11
GCAS,11,1,Alabaster Box,CeCe Winans,1999,,1947,4,52,,,1,0.475,,1
GCAS,11,2,Amazing Grace,Shirley Caesar,2001,,1947,4,54,,,601,285.475,,11
GCAS,11,3,Ordinary Just Won't Do,Commissioned,1989,,1947,4,42,,adulthood,181,85.975,,4
GCAS,11,4,No Weapon,Fred Hammond & Radical for Christ,1996,,1947,4,49,,,481,228.475,,9
GCAS,11,5,Stomp,Kirk Franklin,1997,,1947,4,50,,,781,370.975,,14
GCAS,11,6,"Satan, We're Gonna Tear Your Kingdom Down",Shirley Caesar,2016,,1947,4,69,,,121,57.475,,3
GCAS,11,7,Adagio for Strings,Barber,,,1947,2,,,,661,313.975,,12
GCAS,11,8,Symphony No. 2 Finale,Mahler,,,1947,2,,,,1141,541.975,,20
GCAS,11,9,Cavatina Op. 130,Beethoven,,,1947,3,,,,1381,655.975,,24
GCAS,11,10,John Wayne Gacy Jr.,Sufjan Stevens,2005,,1947,4,58,,,61,28.975,,2
GCAS,11,11,Hurt,Johnny Cash,,,1947,2,,,,1201,570.475,,21
GCAS,11,12,The Sound of Silence,Simon & Garfunkel,1964,,1947,4,17,,adolescence,421,199.975,,8
GCAS,11,13,Reckoner,Radiohead,2007,,1947,3,60,,,961,456.475,,17
GCAS,11,14,Nocturne in C Sharp minor,Chopin,,,1947,3,,,,301,142.975,,6
GCAS,11,15,Nessun Dorma,Bocelli,,,1947,4,,,,1261,598.975,,22
GCAS,11,16,Symphony No. 6 mvmt 1,Tchaikovsky,,,1947,4,,,,721,342.475,,13
GCAS,11,17,Bohlen-Pierce Pan Flute Folk Tune,Arturo Grolimund,,,1947,1,,,,361,171.475,,7
GCAS,11,18,Hoquetus II,Johannes Kretz,,,1947,1,,,,841,399.475,,15
GCAS,11,19,Reminiscences,Steven Yi,,,1947,3,,,,1021,484.975,,18
GCAS,11,20,Beyond the Horizon,Georg Hajdu,,,1947,1,,,,901,427.975,,16
GCAS,11,21,When the Moon Casts Shadows,Hubert Ho,,,1947,1,,,,241,114.475,,5
GCAS,11,22,Simmer,Hubert Ho,,,1947,2,,,,1081,513.475,,19
GCAS,11,23,Vertigo Temporum,Hubert Ho,,,1947,1,,,,541,256.975,,10
GCAS,11,24,Manual Labor,Hubert Ho,,,1947,1,,,,1321,627.475,,23
DFAI,12,1,Nevermind,Dennis Lloyd,,,1953,4,,65,,721,342.475,,13
DFAI,12,2,Copperline,James Taylor,,,1953,4,,41,adulthood,1141,541.975,,20
DFAI,12,3,Ode to Billie Joel,Bobbie Gentry,,,1953,4,,14,adolescence,961,456.475,,17
DFAI,12,4,Running Up That Hill,Kate Bush,,,1953,4,,66,,481,228.475,,9
DFAI,12,5,The Boxer,Simon & Garkfunkel,,,1953,4,,15,adolescence,1,0.475,,1
DFAI,12,6,Thanks for the Memories,,,,1953,4,,62,,1081,513.475,,19
DFAI,12,7,Adagio for Strings,Barber,,,1953,4,,42,adulthood,1321,627.475,,23
DFAI,12,8,Symphony No. 2 Finale,Mahler,,,1953,1,,,,841,399.475,,15
DFAI,12,9,Cavatina Op. 130,Beethoven,,,1953,1,,,,601,285.475,,11
DFAI,12,10,John Wayne Gacy Jr.,Sufjan Stevens,,,1953,1,,,,121,57.475,,3
DFAI,12,11,Hurt,Johnny Cash,,,1953,2,,55,,301,142.975,,6
DFAI,12,12,The Sound of Silence,Simon & Garfunkel,,,1953,4,,16,adolescence,1381,655.975,,24
DFAI,12,13,Reckoner,Radiohead,,,1953,1,,,,61,28.975,,2
DFAI,12,14,Nocturne in C Sharp minor,Chopin,,,1953,1,,,,421,199.975,,8
DFAI,12,15,Nessun Dorma,Bocelli,,,1953,1,,50,,361,171.475,,7
DFAI,12,16,Symphony No. 6 mvmt 1,Tchaikovsky,,,1953,1,,,,661,313.975,,12
DFAI,12,17,Bohlen-Pierce Pan Flute Folk Tune,Arturo Grolimund,,,1953,1,,,,1261,598.975,,22
DFAI,12,18,Hoquetus II,Johannes Kretz,,,1953,1,,,,1201,570.475,,21
DFAI,12,19,Reminiscences,Steven Yi,,,1953,1,,,,901,427.975,,16
DFAI,12,20,Beyond the Horizon,Georg Hajdu,,,1953,1,,,,181,85.975,,4
DFAI,12,21,When the Moon Casts Shadows,Hubert Ho,,,1953,1,,,,541,256.975,,10
DFAI,12,22,Simmer,Hubert Ho,,,1953,1,,,,1021,484.975,,18
DFAI,12,23,Vertigo Temporum,Hubert Ho,,,1953,1,,,,241,114.475,,5
DFAI,12,24,Manual Labor,Hubert Ho,,,1953,1,,,,781,370.975,,14
JKAY,13,1,,,,,1950,4,,,,721,342.475,,13
JKAY,13,2,,,,,1950,4,,,,961,456.475,,17
JKAY,13,3,,,,,1950,2,,,,421,199.975,,8
JKAY,13,4,,,,,1950,4,,,,61,28.975,,2
JKAY,13,5,,,,,1950,3,,,,481,228.475,,9
JKAY,13,6,,,,,1950,3,,,,901,427.975,,16
JKAY,13,7,Adagio for Strings,Barber,,,1950,3,,,,541,256.975,,10
JKAY,13,8,Symphony No. 2 Finale,Mahler,,,1950,4,,,,1261,598.975,,22
JKAY,13,9,Cavatina Op. 130,Beethoven,,,1950,2,,,,121,57.475,,3
JKAY,13,10,John Wayne Gacy Jr.,Sufjan Stevens,2005,,1950,3,55,,,1201,570.475,,21
JKAY,13,11,Hurt,Johnny Cash,,,1950,1,,,,781,370.975,,14
JKAY,13,12,The Sound of Silence,Simon & Garfunkel,1964,,1950,4,14,,adolescence,601,285.475,,11
JKAY,13,13,Reckoner,Radiohead,2007,,1950,3,57,,,661,313.975,,12
JKAY,13,14,Nocturne in C Sharp minor,Chopin,,,1950,3,,,,1021,484.975,,18
JKAY,13,15,Nessun Dorma,Bocelli,,,1950,4,,,,1381,655.975,,24
JKAY,13,16,Symphony No. 6 mvmt 1,Tchaikovsky,,,1950,3,,,,1141,541.975,,20
JKAY,13,17,Bohlen-Pierce Pan Flute Folk Tune,Arturo Grolimund,,,1950,1,,,,1081,513.475,,19
JKAY,13,18,Hoquetus II,Johannes Kretz,,,1950,1,,,,181,85.975,,4
JKAY,13,19,Reminiscences,Steven Yi,,,1950,2,,,,241,114.475,,5
JKAY,13,20,Beyond the Horizon,Georg Hajdu,,,1950,1,,,,301,142.975,,6
JKAY,13,21,When the Moon Casts Shadows,Hubert Ho,,,1950,2,,,,1321,627.475,,23
JKAY,13,22,Simmer,Hubert Ho,,,1950,0,,,,841,399.475,,15
JKAY,13,23,Vertigo Temporum,Hubert Ho,,,1950,3,,,,361,171.475,,7
JKAY,13,24,Manual Labor,Hubert Ho,,,1950,1,,,,1,0.475,,1
LOLE,14,1,I Dreamed a Dream,Aretha Franklin,1991,,1946,3,45,,aduthood,661,313.975,,12
LOLE,14,2,Somewhere Over the Rainbow,Israel Kamakawiwo ªole,1990,,1946,4,44,,adulthood,1201,570.475,,21
LOLE,14,3,Blowin in the Wind,"Peter, Paul, and Mary",1963,,1946,4,17,,adolescence,721,342.475,,13
LOLE,14,4,The Sound of Silence,Simon & Garkfunkel,1964,,1946,4,18,,adolescence,241,114.475,,5
LOLE,14,5,Suzanne,Judy Collins,1966,,1946,4,20,,,481,228.475,,9
LOLE,14,6,The Frst Time I Ever Saw Your Face,"Peter, Paul, and Mary",1965,,1946,4,19,,,841,399.475,,15
LOLE,14,7,Adagio for Strings,Barber,,,1946,1,,,,901,427.975,,16
LOLE,14,8,Symphony No. 2 Finale,Mahler,,,1946,3,,,,1261,598.975,,22
LOLE,14,9,Cavatina Op. 130,Beethoven,,,1946,3,,,,1321,627.475,,23
LOLE,14,10,John Wayne Gacy Jr.,Sufjan Stevens,,,1946,0,,,,421,199.975,,8
LOLE,14,11,Hurt,Johnny Cash,,,1946,2,,,,781,370.975,,14
LOLE,14,12,The Sound of Silence,Simon & Garfunkel,1964,,1946,4,18,,adolescence,61,28.975,,2
LOLE,14,13,Reckoner,Radiohead,,,1946,1,,,,121,57.475,,3
LOLE,14,14,Nocturne in C Sharp minor,Chopin,,,1946,3,,,,961,456.475,,17
LOLE,14,15,Nessun Dorma,Bocelli,,,1946,1,,,,1,0.475,,1
LOLE,14,16,Symphony No. 6 mvmt 1,Tchaikovsky,,,1946,2,,,,1021,484.975,,18
LOLE,14,17,Bohlen-Pierce Pan Flute Folk Tune,Arturo Grolimund,,,1946,1,,,,601,285.475,,11
LOLE,14,18,Hoquetus II,Johannes Kretz,,,1946,1,,,,1081,513.475,,19
LOLE,14,19,Reminiscences,Steven Yi,,,1946,1,,,,361,171.475,,7
LOLE,14,20,Beyond the Horizon,Georg Hajdu,,,1946,1,,,,541,256.975,,10
LOLE,14,21,When the Moon Casts Shadows,Hubert Ho,,,1946,1,,,,301,142.975,,6
LOLE,14,22,Simmer,Hubert Ho,,,1946,1,,,,1141,541.975,,20
LOLE,14,23,Vertigo Temporum,Hubert Ho,,,1946,1,,,,181,85.975,,4
LOLE,14,24,Manual Labor,Hubert Ho,,,1946,1,,,,1381,655.975,,24
SCAE,15,1,Detroit Rock City,Kiss,,,1965,4,,16,adolescence,181,85.975,,4
SCAE,15,2,Doo Doo Doo Doo Doo (Heartbreaker),The Rolling Stones,,,1965,4,,9,childhood,1201,570.475,,21
SCAE,15,3,Fight the Good Fight,Allied Forces,,,1965,4,,14,adolescence,121,57.475,,3
SCAE,15,4,Panic in Detroit,David Bowie,,,1965,4,,15,adolescence,1081,513.475,,19
SCAE,15,5,Limelight,Rush,,,1965,4,,14,adolescence,1261,598.975,,22
SCAE,15,6,Freewheel Burning,Judas Priest,,,1965,4,,15,adolescence,781,370.975,,14
SCAE,15,7,Adagio for Strings,Barber,,,1965,2,,,,901,427.975,,16
SCAE,15,8,Symphony No. 2 Finale,Mahler,,,1965,3,,,,661,313.975,,12
SCAE,15,9,Cavatina Op. 130,Beethoven,,,1965,1,,,,1021,484.975,,18
SCAE,15,10,John Wayne Gacy Jr.,Sufjan Stevens,,,1965,3,,,,541,256.975,,10
SCAE,15,11,Hurt,Johnny Cash,,,1965,1,,,,361,171.475,,7
SCAE,15,12,The Sound of Silence,Simon & Garfunkel,,,1965,4,,8,childhood,841,399.475,,15
SCAE,15,13,Reckoner,Radiohead,,,1965,3,,,,1141,541.975,,20
SCAE,15,14,Nocturne in C Sharp minor,Chopin,,,1965,2,,,,421,199.975,,8
SCAE,15,15,Nessun Dorma,Bocelli,,,1965,2,,,,1381,655.975,,24
SCAE,15,16,Symphony No. 6 mvmt 1,Tchaikovsky,,,1965,3,,,,721,342.475,,13
SCAE,15,17,Bohlen-Pierce Pan Flute Folk Tune,Arturo Grolimund,,,1965,1,,,,961,456.475,,17
SCAE,15,18,Hoquetus II,Johannes Kretz,,,1965,1,,,,601,285.475,,11
SCAE,15,19,Reminiscences,Steven Yi,,,1965,1,,,,241,114.475,,5
SCAE,15,20,Beyond the Horizon,Georg Hajdu,,,1965,1,,,,61,28.975,,2
SCAE,15,21,When the Moon Casts Shadows,Hubert Ho,,,1965,1,,,,301,142.975,,6
SCAE,15,22,Simmer,Hubert Ho,,,1965,1,,,,481,228.475,,9
SCAE,15,23,Vertigo Temporum,Hubert Ho,,,1965,1,,,,1321,627.475,,23
SCAE,15,24,Manual Labor,Hubert Ho,,,1965,1,,,,1,0.475,,1
EHER,16,1,Turn it on Again,Genesis,,,1958,4,,30,adulthood,181,85.975,,4
EHER,16,2,Roundabout,Yes,,,1958,4,,30,adulthood,1261,598.975,,22
EHER,16,3,Ashes to Ashes,David Bowie,,,1958,4,,30,adulthood,901,427.975,,16
EHER,16,4,Seen the Lights Go Out on Broadway,Billy Joel,,,1958,4,,60,,661,313.975,,12
EHER,16,5,Comfortably Numb,Pink Floyd,,,1958,2,,22,adulthood,61,28.975,,2
EHER,16,6,It Doesn't Matter Why,Silversun Pickups,,,1958,4,,21,adulthood,721,342.475,,13
EHER,16,7,Adagio for Strings,Barber,,,1958,1,,,,241,114.475,,5
EHER,16,8,Symphony No. 2 Finale,Mahler,,,1958,2,,,,1321,627.475,,23
EHER,16,9,Cavatina Op. 130,Beethoven,,,1958,1,,,,481,228.475,,9
EHER,16,10,John Wayne Gacy Jr.,Sufjan Stevens,,,1958,1,,,,421,199.975,,8
EHER,16,11,Hurt,Johnny Cash,,,1958,2,,,,601,285.475,,11
EHER,16,12,The Sound of Silence,Simon & Garfunkel,,,1958,4,,10,childhood,781,370.975,,14
EHER,16,13,Reckoner,Radiohead,,,1958,2,,,,121,57.475,,3
EHER,16,14,Nocturne in C Sharp minor,Chopin,,,1958,1,,,,1081,513.475,,19
EHER,16,15,Nessun Dorma,Bocelli,,,1958,4,,15,adolescence,1021,484.975,,18
EHER,16,16,Symphony No. 6 mvmt 1,Tchaikovsky,,,1958,4,,10,childhood,1141,541.975,,20
EHER,16,17,Bohlen-Pierce Pan Flute Folk Tune,Arturo Grolimund,,,1958,1,,,,541,256.975,,10
EHER,16,18,Hoquetus II,Johannes Kretz,,,1958,1,,,,361,171.475,,7
EHER,16,19,Reminiscences,Steven Yi,,,1958,1,,,,1381,655.975,,24
EHER,16,20,Beyond the Horizon,Georg Hajdu,,,1958,1,,,,301,142.975,,6
EHER,16,21,When the Moon Casts Shadows,Hubert Ho,,,1958,1,,,,1201,570.475,,21
EHER,16,22,Simmer,Hubert Ho,,,1958,1,,,,961,456.475,,17
EHER,16,23,Vertigo Temporum,Hubert Ho,,,1958,1,,,,1,0.475,,1
EHER,16,24,Manual Labor,Hubert Ho,,,1958,1,,,,841,399.475,,15
LJAC,17,1,Since You've Been Gone,Aretha Franklin,,,1952,4,,16,adolescence,121,57.475,,3
LJAC,17,2,Finesse,Bruno Mars,,,1952,4,,66,,781,370.975,,14
LJAC,17,3,I Never Can Say Goodbye,,,,1952,4,,20,,1081,513.475,,19
LJAC,17,4,Heat Wave,Martha Reeves & the Vandellas,,,1952,4,,12,childhood,1021,484.975,,18
LJAC,17,5,You Send Me,Sam Cooke,,,1952,4,,10,childhood,1201,570.475,,21
LJAC,17,6,Walk on By,Dionne Warwick,,,1952,4,,10,childhood,361,171.475,,7
LJAC,17,7,Adagio for Strings,Barber,,,1952,2,,,,961,456.475,,17
LJAC,17,8,Symphony No. 2 Finale,Mahler,,,1952,2,,,,1141,541.975,,20
LJAC,17,9,Cavatina Op. 130,Beethoven,,,1952,2,,,,1261,598.975,,22
LJAC,17,10,John Wayne Gacy Jr.,Sufjan Stevens,,,1952,2,,,,541,256.975,,10
LJAC,17,11,Hurt,Johnny Cash,,,1952,1,,,,61,28.975,,2
LJAC,17,12,The Sound of Silence,Simon & Garfunkel,,,1952,4,,14,adolescence,241,114.475,,5
LJAC,17,13,Reckoner,Radiohead,,,1952,1,,,,421,199.975,,8
LJAC,17,14,Nocturne in C Sharp minor,Chopin,,,1952,2,,,,481,228.475,,9
LJAC,17,15,Nessun Dorma,Bocelli,,,1952,2,,,,601,285.475,,11
LJAC,17,16,Symphony No. 6 mvmt 1,Tchaikovsky,,,1952,3,,,,181,85.975,,4
LJAC,17,17,Bohlen-Pierce Pan Flute Folk Tune,Arturo Grolimund,,,1952,1,,,,661,313.975,,12
LJAC,17,18,Hoquetus II,Johannes Kretz,,,1952,1,,,,1321,627.475,,23
LJAC,17,19,Reminiscences,Steven Yi,,,1952,1,,,,1,0.475,,1
LJAC,17,20,Beyond the Horizon,Georg Hajdu,,,1952,1,,,,1381,655.975,,24
LJAC,17,21,When the Moon Casts Shadows,Hubert Ho,,,1952,2,,,,721,342.475,,13
LJAC,17,22,Simmer,Hubert Ho,,,1952,2,,,,301,142.975,,6
LJAC,17,23,Vertigo Temporum,Hubert Ho,,,1952,1,,,,901,427.975,,16
LJAC,17,24,Manual Labor,Hubert Ho,,,1952,1,,,,841,399.475,,15
ASHA,18,1,1917 (The French Prostitute),Niamh Parsons,,,1951,4,,50,,181,85.975,,4
ASHA,18,2,Can't Find My Way Home,Bonnie Raitt Lowell George,,,1951,4,,35,adulthood,241,114.475,,5
ASHA,18,3,At Last,Etta James,,,1951,4,,20,,721,342.475,,13
ASHA,18,4,Something So Right,Paul Simon,,,1951,4,,50,adulthood,421,199.975,,8
ASHA,18,5,Sir Duke,Stevie Wonder,,,1951,4,,35,adulthood,1321,627.475,,23
ASHA,18,6,What Was it You Wanted,Bob Dylan,,,1951,2,,50,,781,370.975,,14
ASHA,18,7,Adagio for Strings,Barber,,,1951,1,,,,1141,541.975,,20
ASHA,18,8,Symphony No. 2 Finale,Mahler,,,1951,1,,,,961,456.475,,17
ASHA,18,9,Cavatina Op. 130,Beethoven,,,1951,1,,,,1081,513.475,,19
ASHA,18,10,John Wayne Gacy Jr.,Sufjan Stevens,,,1951,1,,,,661,313.975,,12
ASHA,18,11,Hurt,Johnny Cash,,,1951,2,,,,481,228.475,,9
ASHA,18,12,The Sound of Silence,Simon & Garfunkel,,,1951,4,,17,adolescence,361,171.475,,7
ASHA,18,13,Reckoner,Radiohead,,,1951,3,,,,1381,655.975,,24
ASHA,18,14,Nocturne in C Sharp minor,Chopin,,,1951,1,,,,121,57.475,,3
ASHA,18,15,Nessun Dorma,Bocelli,,,1951,2,,65,,1021,484.975,,18
ASHA,18,16,Symphony No. 6 mvmt 1,Tchaikovsky,,,1951,2,,,,841,399.475,,15
ASHA,18,17,Bohlen-Pierce Pan Flute Folk Tune,Arturo Grolimund,,,1951,1,,,,541,256.975,,10
ASHA,18,18,Hoquetus II,Johannes Kretz,,,1951,1,,,,61,28.975,,2
ASHA,18,19,Reminiscences,Steven Yi,,,1951,1,,,,1261,598.975,,22
ASHA,18,20,Beyond the Horizon,Georg Hajdu,,,1951,1,,,,1201,570.475,,21
ASHA,18,21,When the Moon Casts Shadows,Hubert Ho,,,1951,1,,,,901,427.975,,16
ASHA,18,22,Simmer,Hubert Ho,,,1951,1,,,,1,0.475,,1
ASHA,18,23,Vertigo Temporum,Hubert Ho,,,1951,1,,,,301,142.975,,6
ASHA,18,24,Manual Labor,Hubert Ho,,,1951,1,,,,601,285.475,,11
GSHA,19,1,Respect,Aretha Franklin,,,1955,4,,20,,601,285.475,,11
GSHA,19,2,One O'clock Jump,Count Basie,,,1955,1,,50,,241,114.475,,5
GSHA,19,3,Celebration,Kool & The Gang,,,1955,4,,18,adolescence,1201,570.475,,21
GSHA,19,4,Don't Stop Til You Get Enough,Michael Jackson,,,1955,4,,40,adulthood,421,199.975,,8
GSHA,19,5,Ain't Nobody,Rufus & Chaka Khan,,,1955,4,,30,adulthood,1081,513.475,,19
GSHA,19,6,You Are the Sunshine of My Life,Stevie Wonder,,,1955,4,,20,,1141,541.975,,20
GSHA,19,7,Adagio for Strings,Barber,,,1955,1,,,,661,313.975,,12
GSHA,19,8,Symphony No. 2 Finale,Mahler,,,1955,1,,,,841,399.475,,15
GSHA,19,9,Cavatina Op. 130,Beethoven,,,1955,2,,,,721,342.475,,13
GSHA,19,10,John Wayne Gacy Jr.,Sufjan Stevens,,,1955,1,,,,901,427.975,,16
GSHA,19,11,Hurt,Johnny Cash,,,1955,2,,,,481,228.475,,9
GSHA,19,12,The Sound of Silence,Simon & Garfunkel,,,1955,4,,20,,1261,598.975,,22
GSHA,19,13,Reckoner,Radiohead,,,1955,1,,,,541,256.975,,10
GSHA,19,14,Nocturne in C Sharp minor,Chopin,,,1955,1,,,,1,0.475,,1
GSHA,19,15,Nessun Dorma,Bocelli,,,1955,1,,,,121,57.475,,3
GSHA,19,16,Symphony No. 6 mvmt 1,Tchaikovsky,,,1955,1,,,,181,85.975,,4
GSHA,19,17,Bohlen-Pierce Pan Flute Folk Tune,Arturo Grolimund,,,1955,1,,,,1321,627.475,,23
GSHA,19,18,Hoquetus II,Johannes Kretz,,,1955,1,,,,1021,484.975,,18
GSHA,19,19,Reminiscences,Steven Yi,,,1955,1,,,,1381,655.975,,24
GSHA,19,20,Beyond the Horizon,Georg Hajdu,,,1955,1,,,,301,142.975,,6
GSHA,19,21,When the Moon Casts Shadows,Hubert Ho,,,1955,1,,,,961,456.475,,17
GSHA,19,22,Simmer,Hubert Ho,,,1955,1,,,,61,28.975,,2
GSHA,19,23,Vertigo Temporum,Hubert Ho,,,1955,1,,,,361,171.475,,7
GSHA,19,24,Manual Labor,Hubert Ho,,,1955,1,,,,781,370.975,,14
AEHR,20,1,Take Five,Dave Brubeck,1959,,1960,4,-1,,,901,427.975,,16
AEHR,20,2,Money,Pink Floyd,1971,,1960,4,11,,childhood,1321,627.475,,23
AEHR,20,3,Moondance,Van Morrison,1970,,1960,4,10,,childhood,361,171.475,,7
AEHR,20,4,What I'd Say,Ray Charles,1959,,1960,4,-1,,,121,57.475,,3
AEHR,20,5,I Wish,Stevie Wonder,1976,,1960,0,16,,adolescence,1141,541.975,,20
AEHR,20,6,You Can Call Me Al,Paul Simon,1986,,1960,4,26,,adulthood,481,228.475,,9
AEHR,20,7,Adagio for Strings,Barber,,,1960,1,,,,841,399.475,,15
AEHR,20,8,Symphony No. 2 Finale,Mahler,,,1960,1,,,,661,313.975,,12
AEHR,20,9,Cavatina Op. 130,Beethoven,,,1960,1,,,,301,142.975,,6
AEHR,20,10,John Wayne Gacy Jr.,Sufjan Stevens,,,1960,1,,,,1021,484.975,,18
AEHR,20,11,Hurt,Johnny Cash,2003,,1960,3,43,,adulthood,721,342.475,,13
AEHR,20,12,The Sound of Silence,Simon & Garfunkel,1964,,1960,4,4,,childhood,61,28.975,,2
AEHR,20,13,Reckoner,Radiohead,,,1960,2,,,,241,114.475,,5
AEHR,20,14,Nocturne in C Sharp minor,Chopin,,,1960,3,,,,1081,513.475,,19
AEHR,20,15,Nessun Dorma,Bocelli,,,1960,4,,,,1,0.475,,1
AEHR,20,16,Symphony No. 6 mvmt 1,Tchaikovsky,,,1960,2,,,,961,456.475,,17
AEHR,20,17,Bohlen-Pierce Pan Flute Folk Tune,Arturo Grolimund,,,1960,1,,,,1381,655.975,,24
AEHR,20,18,Hoquetus II,Johannes Kretz,,,1960,2,,,,781,370.975,,14
AEHR,20,19,Reminiscences,Steven Yi,,,1960,1,,,,601,285.475,,11
AEHR,20,20,Beyond the Horizon,Georg Hajdu,,,1960,2,,,,1261,598.975,,22
AEHR,20,21,When the Moon Casts Shadows,Hubert Ho,,,1960,3,,,,1201,570.475,,21
AEHR,20,22,Simmer,Hubert Ho,,,1960,1,,,,541,256.975,,10
AEHR,20,23,Vertigo Temporum,Hubert Ho,,,1960,2,,,,181,85.975,,4
AEHR,20,24,Manual Labor,Hubert Ho,,,1960,2,,,,421,199.975,,8
ELAR,21,1,Rocketman,Elton John,1972,,1959,4,13,,adolescence,1381,655.975,,24
ELAR,21,2,Box of Rain,Grateful Dead,1970,,1959,4,11,,childhood,541,256.975,,10
ELAR,21,3,Steam Powered Aereo Plane,John Hartford,1971,,1959,4,12,,childhood,1021,484.975,,18
ELAR,21,4,Bodhisattva,Steely Dan,1973,,1959,4,14,,adolescence,301,142.975,,6
ELAR,21,5,Isn't She Lovely,Stevie Wonder,1976,,1959,4,17,,adolescence,961,456.475,,17
ELAR,21,6,Watermelon Man,Herbie Hancock,1962,,1959,4,3,,childhood,241,114.475,,5
ELAR,21,7,Adagio for Strings,Barber,,,1959,2,,,,841,399.475,,15
ELAR,21,8,Symphony No. 2 Finale,Mahler,,,1959,3,,,,1201,570.475,,21
ELAR,21,9,Cavatina Op. 130,Beethoven,,,1959,2,,,,421,199.975,,8
ELAR,21,10,John Wayne Gacy Jr.,Sufjan Stevens,,,1959,2,,,,181,85.975,,4
ELAR,21,11,Hurt,Johnny Cash,,,1959,1,,,,1,0.475,,1
ELAR,21,12,The Sound of Silence,Simon & Garfunkel,1964,,1959,4,5,,childhood,121,57.475,,3
ELAR,21,13,Reckoner,Radiohead,,,1959,2,,,,481,228.475,,9
ELAR,21,14,Nocturne in C Sharp minor,Chopin,,,1959,3,,,,1141,541.975,,20
ELAR,21,15,Nessun Dorma,Bocelli,,,1959,1,,,,61,28.975,,2
ELAR,21,16,Symphony No. 6 mvmt 1,Tchaikovsky,,,1959,3,,,,781,370.975,,14
ELAR,21,17,Bohlen-Pierce Pan Flute Folk Tune,Arturo Grolimund,,,1959,1,,,,601,285.475,,11
ELAR,21,18,Hoquetus II,Johannes Kretz,,,1959,2,,,,1261,598.975,,22
ELAR,21,19,Reminiscences,Steven Yi,,,1959,1,,,,361,171.475,,7
ELAR,21,20,Beyond the Horizon,Georg Hajdu,,,1959,1,,,,1081,513.475,,19
ELAR,21,21,When the Moon Casts Shadows,Hubert Ho,,,1959,1,,,,721,342.475,,13
ELAR,21,22,Simmer,Hubert Ho,,,1959,1,,,,661,313.975,,12
ELAR,21,23,Vertigo Temporum,Hubert Ho,,,1959,1,,,,1321,627.475,,23
ELAR,21,24,Manual Labor,Hubert Ho,,,1959,1,,,,901,427.975,,16
BFOR,22,1,Dancing Queen,ABBA,,,1944,4,,52,,601,285.475,,11
BFOR,22,2,Take a Chance on Me,ABBA,,,1944,4,,30,adulthood,1081,513.475,,19
BFOR,22,3,Single Ladies,Beyonce,,,1944,4,,45,adulthood,661,313.975,,12
BFOR,22,4,Footloose,Kenny Loggins,,,1944,4,,60,,961,456.475,,17
BFOR,22,5,Beautiful Noise,Neil Diamond,,,1944,4,,40,adulthood,1261,598.975,,22
BFOR,22,6,Y.M.C.A.,Village People,,,1944,4,,40,adulthood,481,228.475,,9
BFOR,22,7,Adagio for Strings,Barber,,,1944,1,,,,901,427.975,,16
BFOR,22,8,Symphony No. 2 Finale,Mahler,,,1944,1,,,,721,342.475,,13
BFOR,22,9,Cavatina Op. 130,Beethoven,,,1944,1,,,,361,171.475,,7
BFOR,22,10,John Wayne Gacy Jr.,Sufjan Stevens,,,1944,1,,,,841,399.475,,15
BFOR,22,11,Hurt,Johnny Cash,,,1944,1,,60,,121,57.475,,3
BFOR,22,12,The Sound of Silence,Simon & Garfunkel,,,1944,4,,20,,1,0.475,,1
BFOR,22,13,Reckoner,Radiohead,,,1944,1,,,,781,370.975,,14
BFOR,22,14,Nocturne in C Sharp minor,Chopin,,,1944,1,,,,1021,484.975,,18
BFOR,22,15,Nessun Dorma,Bocelli,,,1944,1,,,,1381,655.975,,24
BFOR,22,16,Symphony No. 6 mvmt 1,Tchaikovsky,,,1944,3,,18,adolescence,1141,541.975,,20
BFOR,22,17,Bohlen-Pierce Pan Flute Folk Tune,Arturo Grolimund,,,1944,1,,,,541,256.975,,10
BFOR,22,18,Hoquetus II,Johannes Kretz,,,1944,1,,,,301,142.975,,6
BFOR,22,19,Reminiscences,Steven Yi,,,1944,1,,,,181,85.975,,4
BFOR,22,20,Beyond the Horizon,Georg Hajdu,,,1944,1,,,,61,28.975,,2
BFOR,22,21,When the Moon Casts Shadows,Hubert Ho,,,1944,1,,,,241,114.475,,5
BFOR,22,22,Simmer,Hubert Ho,,,1944,1,,,,1201,570.475,,21
BFOR,22,23,Vertigo Temporum,Hubert Ho,,,1944,1,,,,1321,627.475,,23
BFOR,22,24,Manual Labor,Hubert Ho,,,1944,1,,,,421,199.975,,8
TSTA,23,1,Easy on Me,Adele,2021,,1959,4,62,,,1261,598.975,,22
TSTA,23,2,Landslide,Fleetwood Mac,1975,,1959,4,16,,adolescence,1321,627.475,,23
TSTA,23,3,Hallelujah,Leonard Cohen,1984,,1959,4,25,,adulthood,421,199.975,,8
TSTA,23,4,One  ,"Mary J Blige, U2",2005,,1959,4,46,,,1,0.475,,1
TSTA,23,5,Lacrimosa,Mozart,,,1959,2,,,,1081,513.475,,19
TSTA,23,6,Stay with Me,Sam Smith ft. Mary J Blige,2019,,1959,4,60,,,121,57.475,,3
TSTA,23,7,Adagio for Strings,Barber,,,1959,2,,,,781,370.975,,14
TSTA,23,8,Symphony No. 2 Finale,Mahler,,,1959,2,,,,601,285.475,,11
TSTA,23,9,Cavatina Op. 130,Beethoven,,,1959,2,,,,481,228.475,,9
TSTA,23,10,John Wayne Gacy Jr.,Sufjan Stevens,,,1959,2,,,,361,171.475,,7
TSTA,23,11,Hurt,Johnny Cash,,,1959,2,,,,301,142.975,,6
TSTA,23,12,The Sound of Silence,Simon & Garfunkel,1964,,1959,4,5,,childhood,841,399.475,,15
TSTA,23,13,Reckoner,Radiohead,,,1959,1,,,,661,313.975,,12
TSTA,23,14,Nocturne in C Sharp minor,Chopin,,,1959,2,,,,1021,484.975,,18
TSTA,23,15,Nessun Dorma,Bocelli,,,1959,4,,,,61,28.975,,2
TSTA,23,16,Symphony No. 6 mvmt 1,Tchaikovsky,,,1959,2,,,,1141,541.975,,20
TSTA,23,17,Bohlen-Pierce Pan Flute Folk Tune,Arturo Grolimund,,,1959,1,,,,1381,655.975,,24
TSTA,23,18,Hoquetus II,Johannes Kretz,,,1959,1,,,,721,342.475,,13
TSTA,23,19,Reminiscences,Steven Yi,,,1959,2,,,,241,114.475,,5
TSTA,23,20,Beyond the Horizon,Georg Hajdu,,,1959,1,,,,901,427.975,,16
TSTA,23,21,When the Moon Casts Shadows,Hubert Ho,,,1959,1,,,,541,256.975,,10
TSTA,23,22,Simmer,Hubert Ho,,,1959,1,,,,961,456.475,,17
TSTA,23,23,Vertigo Temporum,Hubert Ho,,,1959,1,,,,1201,570.475,,21
TSTA,23,24,Manual Labor,Hubert Ho,,,1959,1,,,,181,85.975,,4
NLEN,24,1,Imagination,June Christy,,,1942,,,10,childhood,1021,484.975,,18
NLEN,24,2,La Rondine-Chi Il Bel Sogna Di Doreta,Puccini,,,1942,,,18,adolescence,121,57.475,,3
NLEN,24,3,Now You Know,The Four Freshmen,,,1942,,,16,adolescence,1141,541.975,,20
NLEN,24,4,We'll Be Together Again,Barbara Cook,,,1942,,,10,childhood,421,199.975,,8
NLEN,24,5,What Are You Doing The Rest of Your Life?,Frank Sinatra,,,1942,,,70,,361,171.475,,7
NLEN,24,6,You Stepped Out of A Dream,Vic Damone,,,1942,,,15,adolescence,901,427.975,,16
NLEN,24,7,Adagio for Strings,Barber,,,1942,,,,,601,285.475,,11
NLEN,24,8,Symphony No. 2 Finale,Mahler,,,1942,,,,,1081,513.475,,19
NLEN,24,9,Cavatina Op. 130,Beethoven,,,1942,,,,,301,142.975,,6
NLEN,24,10,John Wayne Gacy Jr.,Sufjan Stevens,,,1942,,,30,adulthood,1,0.475,,1
NLEN,24,11,Hurt,Johnny Cash,,,1942,,,26,adulthood,181,85.975,,4
NLEN,24,12,The Sound of Silence,Simon & Garfunkel,,,1942,,,,,481,228.475,,9
NLEN,24,13,Reckoner,Radiohead,,,1942,,,10,childhood,1201,570.475,,21
NLEN,24,14,Nocturne in C Sharp minor,Chopin,,,1942,,,55,,961,456.475,,17
NLEN,24,15,Nessun Dorma,Bocelli,,,1942,,,18,adolescence,241,114.475,,5
NLEN,24,16,Symphony No. 6 mvmt 1,Tchaikovsky,,,1942,,,,,781,370.975,,14
NLEN,24,17,Bohlen-Pierce Pan Flute Folk Tune,Arturo Grolimund,,,1942,,,,,1261,598.975,,22
NLEN,24,18,Hoquetus II,Johannes Kretz,,,1942,,,,,61,28.975,,2
NLEN,24,19,Reminiscences,Steven Yi,,,1942,,,,,721,342.475,,13
NLEN,24,20,Beyond the Horizon,Georg Hajdu,,,1942,,,,,541,256.975,,10
NLEN,24,21,When the Moon Casts Shadows,Hubert Ho,,,1942,,,,,1381,655.975,,24
NLEN,24,22,Simmer,Hubert Ho,,,1942,,,,,1321,627.475,,23
NLEN,24,23,Vertigo Temporum,Hubert Ho,,,1942,,,,,661,313.975,,12
NLEN,24,24,Manual Labor,Hubert Ho,,,1942,,,,,841,399.475,,15
DMUN,25,1,,,,4,,4,,25,adulthood,661,313.975,,12
DMUN,25,2,,,,4,,4,,15,adolescence,1261,598.975,,22
DMUN,25,3,,,,4,,4,,12,childhood,1321,627.475,,23
DMUN,25,4,,,,4,,4,,18,adolescence,181,85.975,,4
DMUN,25,5,,,,4,,4,,40,adulthood,781,370.975,,14
DMUN,25,6,,,,4,,4,,20,,121,57.475,,3
DMUN,25,7,Adagio for Strings,Barber,,2,,2,,18,adolescence,301,142.975,,6
DMUN,25,8,Symphony No. 2 Finale,Mahler,,2,,3,,,,1201,570.475,,21
DMUN,25,9,Cavatina Op. 130,Beethoven,,3,,3,,5,childhood,961,456.475,,17
DMUN,25,10,John Wayne Gacy Jr.,Sufjan Stevens,,2,,2,,,,361,171.475,,7
DMUN,25,11,Hurt,Johnny Cash,,2,,2,,30,adulthood,421,199.975,,8
DMUN,25,12,The Sound of Silence,Simon & Garfunkel,,4,,4,,5,childhood,241,114.475,,5
DMUN,25,13,Reckoner,Radiohead,,2,,2,,,,1021,484.975,,18
DMUN,25,14,Nocturne in C Sharp minor,Chopin,,4,,4,,10,childhood,841,399.475,,15
DMUN,25,15,Nessun Dorma,Bocelli,,3,,4,,10,childhood,1,0.475,,1
DMUN,25,16,Symphony No. 6 mvmt 1,Tchaikovsky,,2,,3,,15,adolescence,721,342.475,,13
DMUN,25,17,Bohlen-Pierce Pan Flute Folk Tune,Arturo Grolimund,,2,,1,,,,1141,541.975,,20
DMUN,25,18,Hoquetus II,Johannes Kretz,,3,,1,,,,1081,513.475,,19
DMUN,25,19,Reminiscences,Steven Yi,,3,,1,,,,601,285.475,,11
DMUN,25,20,Beyond the Horizon,Georg Hajdu,,3,,1,,,,61,28.975,,2
DMUN,25,21,When the Moon Casts Shadows,Hubert Ho,,3,,1,,,,541,256.975,,10
DMUN,25,22,Simmer,Hubert Ho,,2,,1,,,,1381,655.975,,24
DMUN,25,23,Vertigo Temporum,Hubert Ho,,3,,1,,,,481,228.475,,9
DMUN,25,24,Manual Labor,Hubert Ho,,2,,1,,,,901,427.975,,16
220914GHER1,26,1,,,,3,,3,,11,childhood,1081,513.475,,19
220914GHER1,26,2,,,,3,,3,,11,childhood,1321,627.475,,23
220914GHER1,26,3,,,,3,,3,,11,childhood,1261,598.975,,22
220914GHER1,26,4,,,,3,,3,,11,childhood,1021,484.975,,18
220914GHER1,26,5,,,,3,,3,,11,childhood,1,0.475,,1
220914GHER1,26,6,,,,0,,3,,20,,61,28.975,,2
220914GHER1,26,7,Adagio for Strings,Barber,,1,,1,,,,1381,655.975,,24
220914GHER1,26,8,Symphony No. 2 Finale,Mahler,,1,,1,,,,781,370.975,,14
220914GHER1,26,9,Cavatina Op. 130,Beethoven,,2,,2,,,,181,85.975,,4
220914GHER1,26,10,John Wayne Gacy Jr.,Sufjan Stevens,,2,,1,,,,361,171.475,,7
220914GHER1,26,11,Hurt,Johnny Cash,,1,,1,,,,1201,570.475,,21
220914GHER1,26,12,The Sound of Silence,Simon & Garfunkel,,0,,2,,16,adolescence,661,313.975,,12
220914GHER1,26,13,Reckoner,Radiohead,,2,,1,,,,241,114.475,,5
220914GHER1,26,14,Nocturne in C Sharp minor,Chopin,,2,,3,,11,childhood,901,427.975,,16
220914GHER1,26,15,Nessun Dorma,Bocelli,,1,,2,,19,,841,399.475,,15
220914GHER1,26,16,Symphony No. 6 mvmt 1,Tchaikovsky,,2,,2,,11,childhood,961,456.475,,17
220914GHER1,26,17,Bohlen-Pierce Pan Flute Folk Tune,Arturo Grolimund,,1,,2,,,,481,228.475,,9
220914GHER1,26,18,Hoquetus II,Johannes Kretz,,2,,1,,,,301,142.975,,6
220914GHER1,26,19,Reminiscences,Steven Yi,,2,,2,,,,721,342.475,,13
220914GHER1,26,20,Beyond the Horizon,Georg Hajdu,,2,,2,,,,541,256.975,,10
220914GHER1,26,21,When the Moon Casts Shadows,Hubert Ho,,2,,2,,,,601,285.475,,11
220914GHER1,26,22,Simmer,Hubert Ho,,2,,2,,,,421,199.975,,8
220914GHER1,26,23,Vertigo Temporum,Hubert Ho,,2,,2,,,,1141,541.975,,20
220914GHER1,26,24,Manual Labor,Hubert Ho,,2,,1,,,,121,57.475,,3
JDEN,27,1,,,,4,,4,,24,adulthood,241,114.475,,5
JDEN,27,2,,,,4,,4,,50,,361,171.475,,7
JDEN,27,3,,,,4,,4,,10,childhood,421,199.975,,8
JDEN,27,4,,,,4,,4,,16,adolescence,61,28.975,,2
JDEN,27,5,,,,4,,4,,16,adolescence,1081,513.475,,19
JDEN,27,6,,,,4,,4,,16,adolescence,1201,570.475,,21
JDEN,27,7,Adagio for Strings,Barber,,2,,1,,,,541,256.975,,10
JDEN,27,8,Symphony No. 2 Finale,Mahler,,3,,3,,,,601,285.475,,11
JDEN,27,9,Cavatina Op. 130,Beethoven,,2,,1,,,,1261,598.975,,22
JDEN,27,10,John Wayne Gacy Jr.,Sufjan Stevens,,3,,2,,,,121,57.475,,3
JDEN,27,11,Hurt,Johnny Cash,,3,,1,,,,301,142.975,,6
JDEN,27,12,The Sound of Silence,Simon & Garfunkel,,4,,4,,5,childhood,721,342.475,,13
JDEN,27,13,Reckoner,Radiohead,,2,,1,,,,1141,541.975,,20
JDEN,27,14,Nocturne in C Sharp minor,Chopin,,2,,1,,,,661,313.975,,12
JDEN,27,15,Nessun Dorma,Bocelli,,2,,1,,,,181,85.975,,4
JDEN,27,16,Symphony No. 6 mvmt 1,Tchaikovsky,,2,,1,,,,1321,627.475,,23
JDEN,27,17,Bohlen-Pierce Pan Flute Folk Tune,Arturo Grolimund,,2,,1,,,,1,0.475,,1
JDEN,27,18,Hoquetus II,Johannes Kretz,,3,,2,,,,481,228.475,,9
JDEN,27,19,Reminiscences,Steven Yi,,0,,1,,,,1021,484.975,,18
JDEN,27,20,Beyond the Horizon,Georg Hajdu,,2,,1,,,,961,456.475,,17
JDEN,27,21,When the Moon Casts Shadows,Hubert Ho,,2,,2,,,,1381,655.975,,24
JDEN,27,22,Simmer,Hubert Ho,,2,,1,,,,841,399.475,,15
JDEN,27,23,Vertigo Temporum,Hubert Ho,,3,,1,,,,781,370.975,,14
JDEN,27,24,Manual Labor,Hubert Ho,,2,,1,,,,901,427.975,,16
EKAS,28,1,,,,,,,,15,adolescence,721,342.475,,13
EKAS,28,2,,,,,,,,24,adulthood,961,456.475,,17
EKAS,28,3,,,,,,,,54,,1381,655.975,,24
EKAS,28,4,,,,,,,,54,,841,399.475,,15
EKAS,28,5,,,,,,,,25,adulthood,1201,570.475,,21
EKAS,28,6,,,,,,,,60,,1081,513.475,,19
EKAS,28,7,Adagio for Strings,Barber,,,,,,,,781,370.975,,14
EKAS,28,8,Symphony No. 2 Finale,Mahler,,,,,,,,361,171.475,,7
EKAS,28,9,Cavatina Op. 130,Beethoven,,,,,,,,1261,598.975,,22
EKAS,28,10,John Wayne Gacy Jr.,Sufjan Stevens,,,,,,,,421,199.975,,8
EKAS,28,11,Hurt,Johnny Cash,,,,,,,,1141,541.975,,20
EKAS,28,12,The Sound of Silence,Simon & Garfunkel,,,,,,12,childhood,301,142.975,,6
EKAS,28,13,Reckoner,Radiohead,,,,,,,,61,28.975,,2
EKAS,28,14,Nocturne in C Sharp minor,Chopin,,,,,,,,1021,484.975,,18
EKAS,28,15,Nessun Dorma,Bocelli,,,,,,,,661,313.975,,12
EKAS,28,16,Symphony No. 6 mvmt 1,Tchaikovsky,,,,,,,,181,85.975,,4
EKAS,28,17,Bohlen-Pierce Pan Flute Folk Tune,Arturo Grolimund,,,,,,,,241,114.475,,5
EKAS,28,18,Hoquetus II,Johannes Kretz,,,,,,,,1,0.475,,1
EKAS,28,19,Reminiscences,Steven Yi,,,,,,,,481,228.475,,9
EKAS,28,20,Beyond the Horizon,Georg Hajdu,,,,,,,,901,427.975,,16
EKAS,28,21,When the Moon Casts Shadows,Hubert Ho,,,,,,,,121,57.475,,3
EKAS,28,22,Simmer,Hubert Ho,,,,,,,,541,256.975,,10
EKAS,28,23,Vertigo Temporum,Hubert Ho,,,,,,,,601,285.475,,11
EKAS,28,24,Manual Labor,Hubert Ho,,,,,,,,1321,627.475,,23
OADE,29,1,Dancing Queen,Abba,,4,,4,,7,childhood,181,85.975,y,4
OADE,29,2,The Way We Were,Barbra Streisand,,4,,4,,7,childhood,961,456.475,y,17
OADE,29,3,Stayin' Alive,Bee Gees,,4,,4,,10,childhood,361,171.475,y,7
OADE,29,4,Heart of Glass,Blondie,,4,,4,,10,childhood,61,28.975,y,2
OADE,29,5,Summer of '69,Bryan Adams,,4,,4,,14,adolescence,1321,627.475,y,23
OADE,29,6,Love Will Keep Us Together,Captain & Tennille,,4,,4,,13,adolescence,1021,484.975,y,18
OADE,29,7,That's What Friends Are FOr,"Dionne Warwick, Elton John, Gladys Knight, Stevie Wonder",,4,,4,,14,adolescence,901,427.975,y,16
OADE,29,8,Careless Whisper,George Michael,,4,,4,,14,adolescence,721,342.475,y,13
OADE,29,9,I Will Survive,Gloria Gaynor,,4,,0,,14,adolescence,1381,655.975,y,24
OADE,29,10,I Love Rock 'N Roll,Joan Jett & the Blackhearts,,4,,4,,15,adolescence,241,114.475,y,5
OADE,29,11,Joy to the World,Three Dog Night,,3,,3,,14,adolescence,1081,513.475,n,19
OADE,29,12,Beds Are Burning,Midnight Oil,,4,,4,,14,adolescence,1141,541.975,y,20
OADE,29,13,When Doves Cry,Prince,,4,,4,,15,adolescence,301,142.975,y,6
OADE,29,14,Another One Bites the Dust,Queen,,4,,4,,15,adolescence,1201,570.475,y,21
OADE,29,15,Bohemian Rhapsody,Queen,,4,,4,,16,adolescence,421,199.975,y,8
OADE,29,16,Superstition,Stevie Wonder,,4,,4,,16,adolescence,481,228.475,y,9
OADE,29,17,Everybody Wants To Rule the World,Tears for Fears,,4,,4,,17,adolescence,601,285.475,y,11
OADE,29,18,Should I Stay or Should I Go,The Clash,,4,,4,,17,adolescence,1,0.475,y,1
OADE,29,19,The First Time Ever I Saw Your Face,Roberta Flack,,4,,4,,17,adolescence,781,370.975,y,14
OADE,29,20,Every Little Thing She Does Is Magic,The Police,,4,,4,,17,adolescence,661,313.975,y,12
OADE,29,21,Tie A Yellow Ribbon Round the Ole Oak Tree,Dawn,,2,,2,,17,adolescence,1261,598.975,n,22
OADE,29,22,Africa,Toto,,4,,4,,17,adolescence,841,399.475,y,15
OADE,29,23,Every Breath You Take,The Police,,4,,4,,17,adolescence,541,256.975,y,10
OADE,29,24,Since I Don't Have You,Art Garfunkel,,3,,4,,17,adolescence,121,57.475,y,3
DMET,30,1,Waltzing Matilda,Slim Dusty,,3,,4,,10,childhood,421,199.975,y,8
DMET,30,2,The Muffin Man,Super Simple Songs,,2,,4,,5,childhood,481,228.475,y,9
DMET,30,3,Like a Rolling Stone,Bob Dylan,,4,,4,,20,,841,399.475,y (?),15
DMET,30,4,Mr. Tambourine Man,Bob Dylan,,4,,4,,20,,781,370.975,y (?),14
DMET,30,5,Subterranean Homesick Blues,Bob Dylan,,4,,4,,20,,661,313.975,y (?),12
DMET,30,6,Happy Birthday,,,3,,4,,5,childhood,181,85.975,y,4
DMET,30,7,I Want to Hold Your Hand,The Beatles,,3,,4,,13,adolescence,1201,570.475,y,21
DMET,30,8,Mickey Mouse March,Mickey Mouse Club,,3,,3,,7,childhood,1381,655.975,y,24
DMET,30,9,Heartbreak Hotel,Elvis Presley,,2,,4,,7,childhood,1021,484.975,n,18
DMET,30,10,Ferry Cross the Mersey,Gerry & The Pacemakers,,3,,4,,14,adolescence,361,171.475,y,7
DMET,30,11,Hair,Broadway Session Singers,,4,,4,,20,,241,114.475,y,5
DMET,30,12,Cherry Pink And Apple Blossom White,Perez Prado,,2,,1,,,,121,57.475,n,3
DMET,30,13,Killer Queen,Queen,,4,,4,,24,adulthood,61,28.975,y,2
DMET,30,14,Ahad the Arab,Ray Stevens,,3,,4,,55,,721,342.475,y,13
DMET,30,15,She Loves You,The Beatles,,3,,4,,13,adolescence,1141,541.975,y,20
DMET,30,16,Yesterday,The Beatles,,3,,4,,20,,301,142.975,y,6
DMET,30,17,Light My Fire,The Doors,,4,,4,,19,,1,0.475,y,1
DMET,30,18,Bohemian Rhapsody,Queen,,4,,4,,24,adulthood,601,285.475,y,11
DMET,30,19,Pinball Wizard,The Who,,3,,4,,19,,1081,513.475,y,19
DMET,30,20,Im Gonna Be (500 Miles),The Proclaimers,,3,,1,,,,1321,627.475,n,23
DMET,30,21,Last Train to Clarksville,The Monkees,,3,,4,,20,,541,256.975,y,10
DMET,30,22,Eight Miles High,The Byrds,,4,,4,,20,,961,456.475,y,17
DMET,30,23,Little Things Mean A Lot,Kitty Kallen,,1,,1,,,,1261,598.975,n,22
DMET,30,24,In-A-Gadda-Da-Vida,Iron Butterfly,,4,,4,,19,,901,427.975,y,16
MCOR,31,1,Doze Anos,Moreira da Silva & Choco Buarque,,,,,,,,,,,0.9833333333
MCOR,31,2,,,,,,,,,,,,,0.9833333333
MCOR,31,3,,,,,,,,,,,,,0.9833333333
MCOR,31,4,,,,,,,,,,,,,0.9833333333
MCOR,31,5,,,,,,,,,,,,,0.9833333333
MCOR,31,6,,,,,,,,,,,,,0.9833333333
MCOR,31,7,,,,,,,,,,,,,0.9833333333
MCOR,31,8,,,,,,,,,,,,,0.9833333333
MCOR,31,9,,,,,,,,,,,,,0.9833333333
MCOR,31,10,,,,,,,,,,,,,0.9833333333
MCOR,31,11,,,,,,,,,,,,,0.9833333333
MCOR,31,12,,,,,,,,,,,,,0.9833333333
MCOR,31,13,,,,,,,,,,,,,0.9833333333
MCOR,31,14,,,,,,,,,,,,,0.9833333333
MCOR,31,15,,,,,,,,,,,,,0.9833333333
MCOR,31,16,,,,,,,,,,,,,0.9833333333
MCOR,31,17,,,,,,,,,,,,,0.9833333333
MCOR,31,18,,,,,,,,,,,,,0.9833333333
MCOR,31,19,,,,,,,,,,,,,0.9833333333
MCOR,31,20,,,,,,,,,,,,,0.9833333333
MCOR,31,21,,,,,,,,,,,,,0.9833333333
MCOR,31,22,,,,,,,,,,,,,0.9833333333
MCOR,31,23,,,,,,,,,,,,,0.9833333333
MCOR,31,24,,,,,,,,,,,,,0.9833333333